{
  "SC_openClients" : {
    "transaction" : "SC_openClients",
    "sampleCount" : 1618,
    "errorCount" : 0,
    "errorPct" : 0.0,
    "meanResTime" : 2.96168108776267,
    "minResTime" : 2.0,
    "maxResTime" : 113.0,
    "pct1ResTime" : 3.0,
    "pct2ResTime" : 4.0,
    "pct3ResTime" : 7.0,
    "throughput" : 5.392955826425483,
    "receivedKBytesPerSec" : 32.31033593273471,
    "sentKBytesPerSec" : 2.111889928121698
  },
  "SC_AddComment" : {
    "transaction" : "SC_AddComment",
    "sampleCount" : 1618,
    "errorCount" : 62,
    "errorPct" : 3.8318913,
    "meanResTime" : 14.429542645241034,
    "minResTime" : 3.0,
    "maxResTime" : 764.0,
    "pct1ResTime" : 8.0,
    "pct2ResTime" : 16.049999999999955,
    "pct3ResTime" : 264.6199999999999,
    "throughput" : 5.389111862374473,
    "receivedKBytesPerSec" : 24.859608671124285,
    "sentKBytesPerSec" : 4.809497534223191
  },
  "SC_OpenGuestBook" : {
    "transaction" : "SC_OpenGuestBook",
    "sampleCount" : 1618,
    "errorCount" : 0,
    "errorPct" : 0.0,
    "meanResTime" : 13.380716934487012,
    "minResTime" : 3.0,
    "maxResTime" : 652.0,
    "pct1ResTime" : 7.0,
    "pct2ResTime" : 22.049999999999955,
    "pct3ResTime" : 241.24999999999864,
    "throughput" : 5.391841590493297,
    "receivedKBytesPerSec" : 44.61435265930592,
    "sentKBytesPerSec" : 3.8648552025606246
  },
  "CGH_openSite" : {
    "transaction" : "CGH_openSite",
    "sampleCount" : 17,
    "errorCount" : 0,
    "errorPct" : 0.0,
    "meanResTime" : 13.529411764705882,
    "minResTime" : 3.0,
    "maxResTime" : 135.0,
    "pct1ResTime" : 46.19999999999992,
    "pct2ResTime" : 135.0,
    "pct3ResTime" : 135.0,
    "throughput" : 0.060405355467750645,
    "receivedKBytesPerSec" : 1.336291520909136,
    "sentKBytesPerSec" : 0.022534029090508542
  },
  "SC_OpenSite" : {
    "transaction" : "SC_OpenSite",
    "sampleCount" : 1619,
    "errorCount" : 0,
    "errorPct" : 0.0,
    "meanResTime" : 3.6794317479925853,
    "minResTime" : 0.0,
    "maxResTime" : 119.0,
    "pct1ResTime" : 4.0,
    "pct2ResTime" : 5.0,
    "pct3ResTime" : 8.0,
    "throughput" : 5.384784242770952,
    "receivedKBytesPerSec" : 119.04930632757882,
    "sentKBytesPerSec" : 1.8708975943085593
  },
  "CGH_deleteComments" : {
    "transaction" : "CGH_deleteComments",
    "sampleCount" : 15,
    "errorCount" : 0,
    "errorPct" : 0.0,
    "meanResTime" : 40.733333333333334,
    "minResTime" : 1.0,
    "maxResTime" : 557.0,
    "pct1ResTime" : 242.6000000000002,
    "pct2ResTime" : 557.0,
    "pct3ResTime" : 557.0,
    "throughput" : 0.0533766039669492,
    "receivedKBytesPerSec" : 5.525312520016227E-4,
    "sentKBytesPerSec" : 0.0
  },
  "SC_openSite" : {
    "transaction" : "SC_openSite",
    "sampleCount" : 1618,
    "errorCount" : 0,
    "errorPct" : 0.0,
    "meanResTime" : 3.6810877626699625,
    "minResTime" : 2.0,
    "maxResTime" : 119.0,
    "pct1ResTime" : 4.0,
    "pct2ResTime" : 5.0,
    "pct3ResTime" : 8.0,
    "throughput" : 5.391392432057792,
    "receivedKBytesPerSec" : 119.26907159776647,
    "sentKBytesPerSec" : 1.874351275207592
  },
  "CGH_clearGuestbookHistory" : {
    "transaction" : "CGH_clearGuestbookHistory",
    "sampleCount" : 17,
    "errorCount" : 0,
    "errorPct" : 0.0,
    "meanResTime" : 75.4705882352941,
    "minResTime" : 10.0,
    "maxResTime" : 710.0,
    "pct1ResTime" : 267.5999999999996,
    "pct2ResTime" : 710.0,
    "pct3ResTime" : 710.0,
    "throughput" : 0.06033054038419908,
    "receivedKBytesPerSec" : 1.9787640933916766,
    "sentKBytesPerSec" : 0.08162713796352486
  },
  "CGH_OpenSite" : {
    "transaction" : "CGH_OpenSite",
    "sampleCount" : 18,
    "errorCount" : 0,
    "errorPct" : 0.0,
    "meanResTime" : 12.777777777777779,
    "minResTime" : 0.0,
    "maxResTime" : 135.0,
    "pct1ResTime" : 35.10000000000016,
    "pct2ResTime" : 135.0,
    "pct3ResTime" : 135.0,
    "throughput" : 0.06387916900298812,
    "receivedKBytesPerSec" : 1.3346317199554976,
    "sentKBytesPerSec" : 0.022506039686708165
  },
  "SC_OpenClients" : {
    "transaction" : "SC_OpenClients",
    "sampleCount" : 1618,
    "errorCount" : 0,
    "errorPct" : 0.0,
    "meanResTime" : 2.9635352286773795,
    "minResTime" : 2.0,
    "maxResTime" : 113.0,
    "pct1ResTime" : 3.0,
    "pct2ResTime" : 4.0,
    "pct3ResTime" : 7.0,
    "throughput" : 5.392937851224244,
    "receivedKBytesPerSec" : 32.31022823951243,
    "sentKBytesPerSec" : 2.1118828890048063
  },
  "SC_openGuestbook" : {
    "transaction" : "SC_openGuestbook",
    "sampleCount" : 3236,
    "errorCount" : 0,
    "errorPct" : 0.0,
    "meanResTime" : 6.690049443757743,
    "minResTime" : 1.0,
    "maxResTime" : 650.0,
    "pct1ResTime" : 3.0,
    "pct2ResTime" : 4.0,
    "pct3ResTime" : 116.63000000000011,
    "throughput" : 10.783719116774748,
    "receivedKBytesPerSec" : 44.614501333177266,
    "sentKBytesPerSec" : 3.86486808189095
  },
  "Total" : {
    "transaction" : "Total",
    "sampleCount" : 9789,
    "errorCount" : 124,
    "errorPct" : 1.2667279,
    "meanResTime" : 5.8256205945448825,
    "minResTime" : 1.0,
    "maxResTime" : 650.0,
    "pct1ResTime" : 4.0,
    "pct2ResTime" : 5.0,
    "pct3ResTime" : 115.0,
    "throughput" : 32.57787539936102,
    "receivedKBytesPerSec" : 222.6327654398795,
    "sentKBytesPerSec" : 12.722567069771697
  },
  "SC_addComment" : {
    "transaction" : "SC_addComment",
    "sampleCount" : 3236,
    "errorCount" : 124,
    "errorPct" : 3.8318913,
    "meanResTime" : 7.21477132262052,
    "minResTime" : 1.0,
    "maxResTime" : 532.0,
    "pct1ResTime" : 4.0,
    "pct2ResTime" : 8.0,
    "pct3ResTime" : 125.63000000000011,
    "throughput" : 10.778295523809842,
    "receivedKBytesPerSec" : 24.859774273231125,
    "sentKBytesPerSec" : 4.809529572656903
  },
  "CGH_openNewGuestbook" : {
    "transaction" : "CGH_openNewGuestbook",
    "sampleCount" : 15,
    "errorCount" : 0,
    "errorPct" : 0.0,
    "meanResTime" : 9.2,
    "minResTime" : 1.0,
    "maxResTime" : 85.0,
    "pct1ResTime" : 47.200000000000024,
    "pct2ResTime" : 85.0,
    "pct3ResTime" : 85.0,
    "throughput" : 0.05346659585313083,
    "receivedKBytesPerSec" : 0.014202064523487877,
    "sentKBytesPerSec" : 0.01665609773159056
  },
  "CGH_OpenGuestbook" : {
    "transaction" : "CGH_OpenGuestbook",
    "sampleCount" : 17,
    "errorCount" : 0,
    "errorPct" : 0.0,
    "meanResTime" : 17.88235294117647,
    "minResTime" : 4.0,
    "maxResTime" : 154.0,
    "pct1ResTime" : 53.999999999999915,
    "pct2ResTime" : 154.0,
    "pct3ResTime" : 154.0,
    "throughput" : 0.06040192149171428,
    "receivedKBytesPerSec" : 0.6301813523279611,
    "sentKBytesPerSec" : 0.04258807355177511
  },
  "SC_sendComment" : {
    "transaction" : "SC_sendComment",
    "sampleCount" : 1618,
    "errorCount" : 62,
    "errorPct" : 3.8318913,
    "meanResTime" : 34.45241038318912,
    "minResTime" : 11.0,
    "maxResTime" : 1050.0,
    "pct1ResTime" : 24.0,
    "pct2ResTime" : 66.04999999999995,
    "pct3ResTime" : 465.0,
    "throughput" : 5.3832845355336705,
    "receivedKBytesPerSec" : 220.71837647849014,
    "sentKBytesPerSec" : 12.6426536350895
  },
  "CGH_openGuestbook" : {
    "transaction" : "CGH_openGuestbook",
    "sampleCount" : 34,
    "errorCount" : 0,
    "errorPct" : 0.0,
    "meanResTime" : 8.941176470588236,
    "minResTime" : 2.0,
    "maxResTime" : 151.0,
    "pct1ResTime" : 14.5,
    "pct2ResTime" : 57.25,
    "pct3ResTime" : 151.0,
    "throughput" : 0.12080427220755595,
    "receivedKBytesPerSec" : 0.6301835914044207,
    "sentKBytesPerSec" : 0.04258822487004658
  }
}